Seller Name,Brand,Wheel Size,Weight,Gears,Lights,Mudguard,Price
Randy Lee,EMotorad,24.0,35.0,2.0,Yes,Yes,12240.0
Marcus Silva,Montra,27.0,37.0,4.0,Yes,No,12170.0
Alyssa Banks,Geekay,12.0,30.0,1.0,Yes,Yes,10870.0
Jonathan Scott,Swagtron,15.0,35.0,2.0,Yes,Yes,12150.0
Mark Edwards,HERO,15.0,18.0,1.0,No,Yes,6500.0
Maria Black,Swagtron,19.0,19.0,3.0,Yes,No,8240.0
Stephen Burns,Geekay,21.0,22.0,2.0,No,No,
Mr. Daniel Vincent,EMotorad,16.0,28.0,1.0,No,Yes,8510.0
Andrew Banks,Montra,18.0,28.0,1.0,Yes,Yes,10530.0
Betty Ware,EMotorad,24.0,18.0,4.0,Yes,Yes,
Allison Robinson,Montra,13.0,20.0,1.0,No,Yes,6880.0
Shannon Hayes,Montra,18.0,,4.0,No,No,6480.0
Walter Webb,Montra,19.0,31.0,3.0,Yes,No,10640.0
Lisa Simpson,Montra,26.0,37.0,2.0,,No,11660.0
Matthew Cochran,Swagtron,29.0,33.0,,Yes,Yes,11890.0
April Wade,Geekay,17.0,35.0,2.0,Yes,Yes,12170.0
Melanie Alvarez,Swagtron,25.0,22.0,1.0,Yes,No,8400.0
Madison Gibson,Geekay,20.0,25.0,2.0,No,Yes,8200.0
Jimmy Hill,EMotorad,21.0,39.0,4.0,Yes,No,12510.0
Sara Palmer,Swagtron,28.0,24.0,2.0,Yes,Yes,10080.0
Dennis Jefferson,Montra,17.0,27.0,1.0,Yes,No,9320.0
Amy Kirk,HERO,27.0,33.0,1.0,Yes,No,10620.0
Thomas Salazar,EMotorad,27.0,36.0,4.0,No,No,9970.0
Donna Miller,HERO,12.0,39.0,4.0,Yes,No,12420.0
Jordan Carter,Montra,15.0,28.0,,Yes,Yes,10500.0
Stephanie Gardner,HERO,29.0,36.0,1.0,Yes,,12240.0
Jeffrey Gibson,Geekay,26.0,20.0,3.0,Yes,Yes,9510.0
Felicia Lee,Swagtron,19.0,35.0,3.0,No,No,9440.0
Wesley Davis,Swagtron,12.0,21.0,2.0,No,No,6320.0
Andrea Hernandez,Swagtron,13.0,37.0,3.0,Yes,No,11780.0
Allison Clark,EMotorad,21.0,34.0,1.0,,,9760.0
Natasha Schmidt,EMotorad,12.0,30.0,3.0,No,Yes,9370.0
Margaret Hill,HERO,22.0,,1.0,No,No,6170.0
Alyssa Barrett,EMotorad,15.0,31.0,3.0,No,No,8600.0
Christopher Harrison,EMotorad,23.0,20.0,4.0,Yes,No,8730.0
Carol Walter,Geekay,14.0,38.0,1.0,Yes,Yes,12490.0
Amy Lopez,Swagtron,12.0,21.0,2.0,Yes,Yes,9320.0
Michelle Best,Geekay,12.0,35.0,2.0,Yes,No,11120.0
Timothy Pierce,Montra,16.0,30.0,3.0,Yes,No,10410.0
Linda Powell,Geekay,17.0,24.0,4.0,No,Yes,8470.0
Louis Rogers,HERO,18.0,28.0,1.0,Yes,Yes,10530.0
Matthew Kelly,Geekay,20.0,28.0,2.0,No,No,7800.0
Heather Bryan,EMotorad,29.0,23.0,1.0,Yes,Yes,9640.0
Dr. Tyler Walker,Swagtron,27.0,28.0,3.0,Yes,No,
Charles Garcia,Geekay,16.0,26.0,1.0,Yes,Yes,10110.0
William Roberson,Swagtron,21.0,33.0,1.0,No,No,8560.0
Lonnie Smith,Montra,22.0,22.0,3.0,Yes,No,8870.0
Dylan Moore,Swagtron,,37.0,2.0,No,No,9530.0
Rebecca Medina,Montra,13.0,23.0,4.0,No,No,7230.0
Allen Lewis,Geekay,19.0,21.0,4.0,Yes,No,8890.0
Kenneth Howard,HERO,21.0,25.0,4.0,Yes,Yes,10710.0
Kristen Ryan,EMotorad,15.0,33.0,3.0,No,No,9000.0
Jacqueline Gomez,EMotorad,18.0,33.0,1.0,Yes,No,10530.0
Gregory Cook,Montra,23.0,28.0,3.0,Yes,Yes,11080.0
John Holland,Swagtron,26.0,37.0,3.0,No,No,9910.0
Krista Saunders,EMotorad,12.0,31.0,1.0,No,Yes,9070.0
Dustin Huff,Geekay,26.0,25.0,4.0,No,No,7760.0
Matthew Braun,HERO,15.0,23.0,3.0,Yes,No,9000.0
Mariah Arias,Swagtron,24.0,25.0,4.0,No,Yes,8740.0
Deborah Mcdaniel,EMotorad,22.0,36.0,2.0,Yes,No,11420.0
Beth Olson,EMotorad,23.0,25.0,2.0,No,No,7230.0
Andrew Young,,16.0,18.0,4.0,Yes,No,8260.0
Jacob Morris,Montra,18.0,30.0,,Yes,Yes,11430.0
Matthew Roy,Geekay,16.0,25.0,1.0,No,Yes,7910.0
Deborah Rivera,EMotorad,27.0,38.0,4.0,No,Yes,11370.0
Matthew Brooks,EMotorad,15.0,26.0,4.0,Yes,No,9850.0
Joshua Padilla,EMotorad,24.0,33.0,,No,Yes,
Andrew Johnson,Montra,16.0,38.0,4.0,Yes,No,12260.0
Christopher Olson,EMotorad,20.0,22.0,4.0,No,No,7100.0
Anthony Simmons,Geekay,,28.0,3.0,Yes,No,10110.0
Angelica Wagner,EMotorad,27.0,34.0,4.0,No,Yes,10570.0
Brian Bush,Montra,15.0,38.0,4.0,No,No,10250.0
Chad Mitchell,Montra,27.0,26.0,4.0,Yes,No,9970.0
Brandon Hanson,EMotorad,25.0,34.0,2.0,No,No,9050.0
Donna Wagner,Swagtron,28.0,32.0,2.0,Yes,Yes,11680.0
Cindy Pineda,Geekay,29.0,18.0,1.0,Yes,Yes,8640.0
Carlos Lane,EMotorad,17.0,38.0,1.0,Yes,Yes,12520.0
Sharon Newman,HERO,21.0,33.0,1.0,Yes,Yes,11560.0
Christopher Leonard,Montra,15.0,30.0,3.0,Yes,Yes,11400.0
Leslie Bryan,Swagtron,12.0,37.0,3.0,Yes,Yes,
Matthew English,Geekay,17.0,20.0,3.0,Yes,Yes,9420.0
Tammy Howard,HERO,,31.0,4.0,Yes,No,10820.0
Jessica Faulkner,EMotorad,29.0,20.0,3.0,No,No,6540.0
Robert Vaughn,Geekay,16.0,35.0,1.0,Yes,No,10910.0
Heather Johnson,HERO,14.0,31.0,1.0,Yes,No,10090.0
Donna Smith,HERO,28.0,34.0,1.0,No,Yes,9830.0
Kelsey Christensen,Geekay,15.0,23.0,3.0,No,Yes,8000.0
Thomas Mcintyre,HERO,14.0,25.0,3.0,Yes,Yes,10390.0
James Daugherty,,22.0,19.0,1.0,No,No,5770.0
Andrew Price,Montra,25.0,35.0,2.0,Yes,Yes,12250.0
Stephen Chan,Swagtron,28.0,20.0,1.0,No,Yes,7030.0
Ashley Winters,Montra,19.0,38.0,3.0,No,Yes,
Rebecca Jackson,EMotorad,21.0,19.0,3.0,No,No,6260.0
Nicole Zamora,Geekay,12.0,22.0,1.0,No,No,6270.0
Jessica Payne,,22.0,39.0,4.0,No,Yes,11520.0
Mrs. Melanie Lee DVM,Montra,23.0,26.0,2.0,No,Yes,8430.0
Joseph Mcgrath,Montra,14.0,36.0,2.0,No,No,9340.0
Jared Martinez,EMotorad,14.0,19.0,3.0,No,Yes,7190.0
Julie Barnes,Geekay,15.0,21.0,3.0,Yes,Yes,9600.0
Cathy Moore,Geekay,15.0,34.0,3.0,No,Yes,10200.0
Cody Carter,EMotorad,26.0,21.0,1.0,Yes,Yes,9210.0
Jason Hampton,Montra,15.0,23.0,3.0,Yes,No,9000.0
Lauren Thompson,EMotorad,29.0,19.0,3.0,Yes,No,8340.0
Joshua Murray,EMotorad,26.0,21.0,3.0,No,Yes,7710.0
Scott Colon,HERO,21.0,25.0,2.0,No,No,7210.0
Gabrielle Carroll,Geekay,13.0,19.0,2.0,Yes,,7930.0
Eric Rice,Geekay,16.0,,4.0,Yes,No,8460.0
Jessica Kelly,HERO,22.0,25.0,4.0,Yes,No,9720.0
Tricia Pineda,Swagtron,23.0,22.0,3.0,No,Yes,7880.0
Chelsea Mullen,Geekay,20.0,31.0,2.0,No,Yes,9400.0
Stephanie Burnett,EMotorad,23.0,30.0,2.0,Yes,Yes,11230.0
Juan Melendez,EMotorad,14.0,36.0,2.0,No,Yes,10340.0
Gina Cortez,EMotorad,28.0,18.0,2.0,Yes,No,7880.0
Daniel Moss,EMotorad,12.0,29.0,4.0,Yes,No,10420.0
Zachary Williams,,12.0,37.0,1.0,Yes,Yes,12270.0
Jay Mitchell,HERO,18.0,20.0,2.0,Yes,No,8180.0
Dustin Griffin,Swagtron,26.0,31.0,2.0,Yes,No,10460.0
Chad Smith,Montra,22.0,22.0,2.0,Yes,No,8620.0
Harold Dodson,EMotorad,20.0,34.0,2.0,No,No,9000.0
Dana Ortega,Swagtron,25.0,34.0,,Yes,Yes,11800.0
Alicia Webb,HERO,14.0,28.0,1.0,No,Yes,8490.0
Randall Morgan,Montra,15.0,29.0,3.0,No,Yes,9200.0
Larry Kent,Montra,14.0,21.0,4.0,No,Yes,7840.0
David Nguyen,Montra,23.0,26.0,2.0,No,,8430.0
Mary Webb,Swagtron,25.0,37.0,2.0,No,Yes,10650.0
Andrew Davila,Swagtron,28.0,32.0,3.0,No,Yes,9930.0
Aaron Donovan,Swagtron,20.0,18.0,1.0,No,No,5550.0
Kelly Castillo,Geekay,20.0,38.0,3.0,Yes,Yes,13050.0
Alyssa Cain,Swagtron,20.0,38.0,1.0,No,Yes,
Brandi Mathis,Montra,14.0,18.0,4.0,No,No,6240.0
Allison Jackson,HERO,15.0,20.0,3.0,Yes,No,8400.0
Margaret Walsh,Montra,24.0,29.0,3.0,Yes,No,10290.0
Courtney Johnson,Swagtron,26.0,23.0,2.0,No,Yes,7860.0
Katherine Woodard,Geekay,12.0,39.0,3.0,No,No,10170.0
Brandon Diaz,HERO,16.0,20.0,1.0,No,No,5910.0
Michael Maxwell,Montra,15.0,25.0,1.0,,Yes,7900.0
Jason Tran,Swagtron,25.0,30.0,3.0,No,Yes,9500.0
Chelsea Fry,Montra,23.0,29.0,1.0,No,Yes,
Brian Rogers,Geekay,25.0,37.0,3.0,Yes,Yes,12900.0
Andrea Higgins,Geekay,25.0,19.0,4.0,Yes,Yes,9550.0
Manuel Sutton,Montra,23.0,34.0,2.0,Yes,No,
Alexander Buck,Montra,28.0,36.0,4.0,Yes,No,11980.0
Pamela Bates,Geekay,26.0,36.0,4.0,Yes,No,11960.0
Matthew Gonzalez,Montra,28.0,32.0,,Yes,Yes,11680.0
Mark Clarke,Swagtron,13.0,39.0,2.0,No,Yes,10930.0
Shaun Jackson,HERO,20.0,33.0,2.0,No,Yes,9800.0
David Nelson,Geekay,12.0,33.0,3.0,No,No,8970.0
Mr. John Randolph,EMotorad,16.0,23.0,1.0,No,No,6510.0
Randall Johnson,Montra,18.0,19.0,3.0,No,Yes,7230.0
Alisha Bailey,EMotorad,25.0,28.0,1.0,No,Yes,8600.0
Valerie Jackson,Geekay,19.0,20.0,3.0,No,No,6440.0
Laura Thompson,,27.0,26.0,1.0,Yes,No,9220.0
Pamela Mckinney,HERO,21.0,37.0,1.0,No,No,9360.0
Nicole Campbell,HERO,20.0,33.0,4.0,No,Yes,10300.0
Aaron Nichols,EMotorad,27.0,,3.0,No,Yes,8520.0
Nicole Duran,Swagtron,23.0,30.0,,No,No,8230.0
Rickey Weber,Geekay,18.0,21.0,3.0,No,No,6630.0
Megan Elliott,EMotorad,27.0,19.0,2.0,No,Yes,7070.0
Teresa Patterson,HERO,13.0,34.0,3.0,Yes,No,11180.0
Samuel Sanchez,EMotorad,24.0,35.0,4.0,Yes,Yes,12740.0
Natasha Scott,Geekay,15.0,,1.0,Yes,Yes,11700.0
Chad Savage,HERO,27.0,23.0,2.0,Yes,No,8870.0
Leon Liu,Geekay,15.0,37.0,1.0,Yes,No,11300.0
Ashley Todd,Montra,,28.0,1.0,No,No,7570.0
Paige Garcia,HERO,24.0,37.0,1.0,Yes,Yes,12390.0
Theresa Murphy,Swagtron,18.0,35.0,4.0,No,No,9680.0
Kristy Solis,Montra,15.0,31.0,3.0,Yes,No,10600.0
Dr. Richard Potter,Swagtron,17.0,18.0,1.0,Yes,Yes,8520.0
Roger Perez,Montra,23.0,19.0,4.0,,No,6530.0
Mandy Roach,Swagtron,12.0,,4.0,No,Yes,8420.0
Jennifer Ramirez,Swagtron,23.0,27.0,4.0,No,Yes,9130.0
Paul Morrison,Geekay,20.0,23.0,3.0,Yes,No,9050.0
Shannon Garza,EMotorad,22.0,30.0,2.0,Yes,No,10220.0
Lauren Stanley,Montra,23.0,28.0,1.0,Yes,No,9580.0
Bryan Williams,HERO,17.0,34.0,4.0,Yes,Yes,12470.0
Adam Dunn,Swagtron,27.0,35.0,2.0,No,No,9270.0
Edwin Ryan,EMotorad,20.0,22.0,2.0,No,No,6600.0
Johnathan Schmidt,HERO,14.0,32.0,4.0,No,No,9040.0
Sherry Harvey,Montra,26.0,31.0,3.0,No,No,8710.0
Diane Lam,Geekay,15.0,39.0,2.0,Yes,Yes,12950.0
Cathy House,Montra,15.0,35.0,3.0,No,No,9400.0
Marie Bush,Swagtron,19.0,24.0,3.0,No,No,7240.0
Donna Kelly,Geekay,21.0,28.0,2.0,Yes,No,9810.0
Heather Gomez PhD,Swagtron,21.0,23.0,2.0,Yes,Yes,9810.0
Cassandra Larson,,21.0,22.0,2.0,Yes,Yes,9610.0
Cory Jenkins,Geekay,15.0,22.0,3.0,Yes,Yes,9800.0
Phillip Williams,HERO,26.0,38.0,3.0,No,No,10110.0
Timothy Dominguez,EMotorad,24.0,36.0,2.0,No,Yes,10440.0
Tim Gonzalez,EMotorad,15.0,36.0,4.0,No,Yes,10850.0
Katherine Peterson,Montra,21.0,39.0,4.0,Yes,Yes,13510.0
William Stewart,Swagtron,22.0,28.0,3.0,No,Yes,9070.0
Mitchell Rivas,Geekay,25.0,29.0,4.0,Yes,Yes,11550.0
Tara Cardenas,HERO,19.0,32.0,2.0,Yes,No,10590.0
Robin Peters,Geekay,19.0,37.0,3.0,Yes,No,11840.0
Teresa Hill,HERO,13.0,34.0,4.0,Yes,No,11430.0
Dr. Shelly Lang DDS,HERO,24.0,19.0,3.0,No,No,6290.0
Anthony Mosley,HERO,14.0,26.0,4.0,No,No,7840.0
Ashley Hall,Swagtron,14.0,25.0,4.0,Yes,Yes,10640.0
Tricia Green,Swagtron,13.0,23.0,1.0,Yes,Yes,
Carrie Henderson,HERO,17.0,33.0,4.0,No,Yes,10270.0
Douglas Pope,EMotorad,20.0,27.0,1.0,Yes,,10350.0
Molly Mclean,Geekay,16.0,38.0,2.0,No,No,9760.0
Scott Patel,Swagtron,12.0,,1.0,No,Yes,6470.0
Anthony Howard,EMotorad,23.0,32.0,3.0,No,No,8880.0
Mia Maldonado,Swagtron,14.0,20.0,2.0,Yes,Yes,9140.0
Michael Moody,HERO,17.0,37.0,1.0,Yes,No,11320.0
Stephanie Brown,Montra,28.0,39.0,2.0,No,No,10080.0
Colleen Miller,Geekay,20.0,22.0,4.0,Yes,Yes,10100.0
Juan Knox,Montra,13.0,18.0,2.0,Yes,No,7730.0
Rachel Lopez,Swagtron,29.0,38.0,4.0,Yes,Yes,13390.0
Sarah Kim,Swagtron,28.0,23.0,3.0,Yes,Yes,10130.0
Kelly Cooley,Swagtron,15.0,35.0,,No,No,9650.0
Amy Garza,Geekay,20.0,22.0,4.0,No,Yes,8100.0
Nicole Johnson,EMotorad,,18.0,4.0,Yes,Yes,9260.0
Ryan Morales,Swagtron,28.0,35.0,1.0,No,Yes,10030.0
Judy Rogers,Swagtron,15.0,35.0,3.0,No,Yes,10400.0
Scott Johnson,Montra,19.0,26.0,2.0,Yes,Yes,10390.0
Raymond Garcia,Montra,15.0,27.0,4.0,Yes,No,10050.0
Abigail Stout,Geekay,29.0,22.0,2.0,Yes,Yes,9690.0
Colton Robinson,Swagtron,13.0,27.0,2.0,No,No,7530.0
Amber Yang,Swagtron,29.0,30.0,,Yes,Yes,11790.0
Samuel Miller,Swagtron,14.0,34.0,1.0,Yes,Yes,11690.0
Regina Rice,Geekay,17.0,21.0,3.0,Yes,Yes,9620.0
Whitney Vazquez,,17.0,18.0,4.0,No,Yes,7270.0
William Ayala,Geekay,24.0,32.0,4.0,No,Yes,10140.0
Adam Rose,Geekay,24.0,18.0,3.0,Yes,No,8090.0
Catherine Austin,EMotorad,14.0,29.0,1.0,No,No,7690.0
Robin Collins,Swagtron,27.0,19.0,3.0,Yes,Yes,9320.0
Anna Blackburn,HERO,19.0,36.0,4.0,Yes,Yes,12890.0
Jamie Cooper,HERO,19.0,32.0,3.0,No,Yes,9840.0
Joshua Ford,HERO,23.0,30.0,2.0,Yes,No,10230.0
Desiree Long,EMotorad,29.0,,2.0,No,Yes,8490.0
Maria Alexander,Geekay,18.0,23.0,2.0,No,Yes,7780.0
Christopher Potter,Montra,19.0,20.0,1.0,No,No,5940.0
Michael Stafford,HERO,23.0,35.0,2.0,No,No,9230.0
Margaret Black,HERO,29.0,33.0,3.0,Yes,Yes,12140.0
Darlene Garcia,HERO,21.0,21.0,1.0,No,No,6160.0
Nancy Reid,Montra,26.0,39.0,3.0,Yes,No,12310.0
Laurie Horne,,21.0,34.0,1.0,Yes,Yes,11760.0
Julia Daniel,Swagtron,,36.0,3.0,Yes,Yes,12570.0
Stacy Brown,Geekay,21.0,23.0,4.0,No,Yes,8310.0
John Garza,HERO,23.0,36.0,1.0,Yes,No,11180.0
Richard Rojas,Montra,29.0,25.0,4.0,No,Yes,8790.0
Spencer Mcintyre,HERO,21.0,35.0,4.0,Yes,No,11710.0
Connor Jones,EMotorad,12.0,22.0,4.0,Yes,No,9020.0
Norma Jones,HERO,28.0,31.0,4.0,Yes,Yes,11980.0
Sierra Mullins,EMotorad,22.0,37.0,4.0,Yes,No,12120.0
Stephen Tucker MD,Geekay,16.0,33.0,4.0,,No,11260.0
Brenda Brooks,EMotorad,15.0,37.0,,No,Yes,10800.0
Cody Joseph,Geekay,20.0,32.0,2.0,Yes,Yes,11600.0
David Hill,Swagtron,26.0,36.0,1.0,No,Yes,10210.0
Megan Russo,EMotorad,12.0,18.0,3.0,Yes,Yes,8970.0
Janet Foster,EMotorad,20.0,22.0,3.0,Yes,Yes,9850.0
Matthew Mosley,Swagtron,19.0,24.0,3.0,Yes,No,9240.0
Kellie Brooks,Montra,25.0,38.0,3.0,No,No,10100.0
Suzanne Flores,EMotorad,29.0,30.0,2.0,No,No,8290.0
Sylvia Li,HERO,12.0,21.0,2.0,Yes,Yes,9320.0
Cassidy Pearson,Montra,23.0,36.0,1.0,Yes,Yes,12180.0
Leslie Chavez,Montra,16.0,31.0,1.0,Yes,,10110.0
Matthew Gallagher,HERO,12.0,37.0,3.0,Yes,No,11770.0
Andrew Clay,Geekay,22.0,35.0,1.0,Yes,Yes,11970.0
Jason Woods,Montra,26.0,19.0,4.0,Yes,No,8560.0
Hannah Smith,Swagtron,,,3.0,Yes,Yes,12610.0
Tina Dean,Montra,15.0,30.0,1.0,No,No,7900.0
Emily Hill,HERO,19.0,33.0,1.0,Yes,Yes,11540.0
Lawrence Boyd,EMotorad,20.0,25.0,4.0,Yes,Yes,10700.0
Dr. Kimberly Martinez,Geekay,25.0,20.0,3.0,Yes,Yes,9500.0
Mark Beard,HERO,17.0,25.0,2.0,No,No,7170.0
Rebecca Allison,,12.0,31.0,3.0,,No,
Heidi Williams,Geekay,20.0,34.0,2.0,No,Yes,10000.0
Bonnie Bentley,Geekay,27.0,19.0,1.0,Yes,No,7820.0
Julie Anderson,EMotorad,27.0,34.0,2.0,No,Yes,10070.0
Chelsea Moore,EMotorad,,31.0,3.0,No,Yes,9680.0
Julie Carter,Montra,16.0,23.0,1.0,Yes,Yes,9510.0
Travis Walker,HERO,19.0,36.0,2.0,No,Yes,10390.0
Joshua Newman,HERO,25.0,34.0,2.0,No,No,9050.0
Scott Oconnor,Geekay,22.0,30.0,3.0,No,No,8470.0
Aaron Smith,Swagtron,26.0,22.0,1.0,Yes,Yes,9410.0
Jason Newton,HERO,29.0,34.0,1.0,Yes,Yes,11840.0
Richard Anderson,Geekay,15.0,37.0,2.0,No,No,9550.0
Amber Rice,HERO,21.0,32.0,2.0,No,Yes,9610.0
Aaron Duncan,Geekay,14.0,26.0,2.0,Yes,Yes,10340.0
David Byrd,Geekay,23.0,32.0,4.0,,No,11130.0
Juan Dominguez,Geekay,25.0,35.0,1.0,Yes,Yes,12000.0
Brian Turner,Swagtron,13.0,28.0,,Yes,Yes,10730.0
Joseph Johnson,Montra,18.0,32.0,2.0,No,No,8580.0
Rhonda Contreras,Swagtron,22.0,24.0,1.0,No,No,6770.0
Kenneth Wilkinson,Montra,28.0,31.0,4.0,No,Yes,9980.0
Carmen King,Geekay,,22.0,1.0,Yes,No,8430.0
Kristen Carr,Swagtron,15.0,33.0,4.0,No,No,9250.0
Michael Sanders,EMotorad,29.0,32.0,,Yes,Yes,11940.0
Sean Gomez,EMotorad,22.0,28.0,1.0,No,No,
Edwin Murphy,EMotorad,21.0,29.0,1.0,Yes,No,9760.0
David Mitchell,EMotorad,24.0,32.0,3.0,No,No,8890.0
Summer Allen,HERO,,29.0,1.0,No,No,7800.0
Melanie Guzman,Geekay,18.0,38.0,3.0,No,No,10030.0
John Summers,Geekay,18.0,20.0,4.0,Yes,Yes,9680.0
Kim Gomez,Swagtron,19.0,18.0,1.0,No,No,5540.0
Ian Barton,Swagtron,20.0,32.0,3.0,Yes,No,10850.0
Dominic Murphy,HERO,25.0,24.0,2.0,No,Yes,8050.0
Cody Moore,Geekay,19.0,36.0,4.0,No,Yes,10890.0
Nicole Bennett MD,Montra,28.0,32.0,4.0,No,No,9180.0
Tonya Gilbert,EMotorad,27.0,31.0,2.0,Yes,No,10470.0
Tonya Pitts,EMotorad,20.0,30.0,2.0,No,No,
Joseph Clark,Geekay,15.0,23.0,3.0,Yes,No,9000.0
Steven Ruiz,Swagtron,18.0,37.0,2.0,Yes,Yes,12580.0
Daniel Daniel,EMotorad,29.0,37.0,1.0,Yes,No,11440.0
William Kirk,Swagtron,19.0,26.0,3.0,No,Yes,8640.0
Bryan Cole,EMotorad,14.0,26.0,4.0,No,Yes,8840.0
Maria Gonzalez,Montra,28.0,33.0,1.0,Yes,,10630.0
Earl King,HERO,25.0,38.0,1.0,Yes,No,11600.0
Stephanie Shaw,HERO,16.0,28.0,4.0,No,Yes,9260.0
Daniel Hunter,Montra,16.0,28.0,1.0,No,Yes,
Sandra Wilson,Geekay,24.0,38.0,4.0,No,No,10340.0
Morgan Kim,Swagtron,29.0,35.0,4.0,No,Yes,10790.0
Sharon Davis,Montra,13.0,18.0,4.0,Yes,Yes,9230.0
Christina Cohen,Geekay,17.0,25.0,4.0,No,Yes,8670.0
Ms. Jeanne Knox,Geekay,13.0,24.0,3.0,Yes,Yes,10180.0
Brandon Bridges,Swagtron,19.0,20.0,1.0,No,Yes,6940.0
Janet Powell,Montra,21.0,19.0,2.0,Yes,No,8010.0
Dr. Gregory Clark,Swagtron,29.0,34.0,3.0,Yes,Yes,12340.0
Kimberly Soto,Swagtron,21.0,31.0,2.0,Yes,Yes,11410.0
Jennifer Black,Swagtron,12.0,35.0,3.0,Yes,Yes,12370.0
Adam Owens,EMotorad,16.0,25.0,1.0,No,Yes,7910.0
Eric Skinner MD,Montra,29.0,19.0,4.0,No,,6590.0
Travis Ruiz,Geekay,28.0,39.0,2.0,No,No,10080.0
Kimberly Gates,Montra,15.0,20.0,3.0,,Yes,
Catherine Smith,EMotorad,22.0,18.0,1.0,No,Yes,
Bradley Hogan,Swagtron,13.0,36.0,1.0,No,No,9080.0
Amanda Mcclure,Swagtron,16.0,24.0,3.0,No,No,7210.0
Amanda Weiss,HERO,16.0,24.0,4.0,Yes,No,9460.0
Jenna Jones,Swagtron,28.0,21.0,3.0,Yes,Yes,9730.0
Dr. Seth Martin,Montra,28.0,39.0,3.0,No,Yes,11330.0
Theresa Garcia,Geekay,27.0,22.0,3.0,No,No,6920.0
Caleb Carr,Swagtron,22.0,37.0,4.0,No,No,10120.0
Monica Miller,Swagtron,25.0,36.0,2.0,Yes,No,11450.0
Karen Simmons,EMotorad,20.0,24.0,3.0,Yes,Yes,10250.0
Amy Ferguson,Swagtron,23.0,32.0,1.0,No,No,8380.0
Susan Murray,HERO,18.0,33.0,2.0,No,No,8780.0
Nancy Welch,,21.0,35.0,1.0,No,No,8960.0
Elizabeth Harris,Montra,27.0,39.0,1.0,No,No,9820.0
Daniel Cuevas,Montra,15.0,19.0,3.0,Yes,Yes,9200.0
Amanda Rogers,Swagtron,24.0,27.0,2.0,No,No,7640.0
Derek Santiago,EMotorad,29.0,37.0,3.0,Yes,No,11940.0
Olivia Edwards,Swagtron,22.0,35.0,1.0,Yes,No,10970.0
Elizabeth Williams,HERO,14.0,29.0,3.0,No,No,8190.0
Jay Vargas,Geekay,13.0,18.0,4.0,Yes,No,8230.0
Mrs. Sara Cole,HERO,23.0,21.0,4.0,No,Yes,7930.0
Amanda Moore,Geekay,15.0,22.0,3.0,No,No,6800.0
Eduardo Walton,EMotorad,24.0,38.0,3.0,Yes,Yes,
Robert Porter,EMotorad,16.0,37.0,3.0,Yes,Yes,12810.0
Denise Navarro,Swagtron,13.0,33.0,3.0,Yes,Yes,11980.0
Daniel Matthews,Swagtron,29.0,23.0,3.0,No,No,7140.0
Luke Cannon,Geekay,12.0,38.0,4.0,No,Yes,11220.0
Zachary Wilson,Montra,19.0,22.0,2.0,Yes,No,8590.0
Robin Weaver,EMotorad,16.0,27.0,3.0,No,No,7810.0
Valerie Ramirez,EMotorad,15.0,34.0,2.0,No,Yes,9950.0
Allison Brewer,Montra,17.0,34.0,3.0,Yes,Yes,12220.0
Gabriela Hicks,Montra,18.0,23.0,2.0,No,Yes,7780.0
Tony Gomez,Geekay,15.0,18.0,4.0,No,No,6250.0
Ariana Mccann,HERO,14.0,21.0,1.0,Yes,Yes,9090.0
Dr. Michael Davis,HERO,20.0,26.0,2.0,No,Yes,8400.0
Jordan Miller,Geekay,13.0,27.0,4.0,No,Yes,9030.0
Mr. Jason Romero,Geekay,16.0,28.0,2.0,Yes,Yes,10760.0
Jason Harris,Montra,12.0,24.0,4.0,Yes,Yes,10420.0
David Lewis,Montra,25.0,30.0,1.0,No,Yes,9000.0
Kimberly Robertson,EMotorad,21.0,29.0,4.0,No,Yes,9510.0
Michael Campbell,EMotorad,17.0,20.0,3.0,Yes,No,8420.0
Sandra Morrison,Montra,13.0,35.0,3.0,No,Yes,10380.0
Yvonne Washington,HERO,19.0,25.0,2.0,Yes,No,9190.0
Peter Miller,Montra,20.0,,3.0,,No,9450.0
Neil Sanders,Swagtron,19.0,24.0,3.0,No,No,7240.0
Allison Cook,Swagtron,15.0,23.0,1.0,Yes,Yes,9500.0
Richard Peterson,EMotorad,24.0,27.0,3.0,Yes,No,9890.0
Amanda West,Geekay,15.0,30.0,3.0,,No,10400.0
Luke Smith,EMotorad,18.0,26.0,2.0,Yes,No,9380.0
Melissa Perez,Swagtron,19.0,19.0,3.0,No,No,6240.0
Jessica Brown,EMotorad,12.0,32.0,3.0,Yes,No,10770.0
Gina Fields,Montra,17.0,31.0,4.0,No,No,8870.0
Linda Campbell,HERO,23.0,33.0,4.0,No,Yes,10330.0
Erik Johnson,HERO,21.0,22.0,2.0,Yes,Yes,9610.0
Christina Sampson,Montra,19.0,38.0,2.0,No,Yes,10790.0
Stephen Jordan,EMotorad,,,2.0,Yes,Yes,9170.0
James Williams,Geekay,20.0,25.0,3.0,No,No,7450.0
Patricia Webb,Montra,23.0,31.0,3.0,Yes,Yes,11680.0
Amber Mercer,Montra,26.0,26.0,3.0,No,No,7710.0
John Benitez,Montra,12.0,23.0,3.0,Yes,Yes,9970.0
Vincent Garcia,Swagtron,20.0,25.0,3.0,Yes,Yes,10450.0
Kelsey Johnson,Swagtron,18.0,33.0,3.0,Yes,No,11030.0
Molly Schmidt,HERO,22.0,33.0,4.0,Yes,Yes,12320.0
Manuel Bailey,EMotorad,14.0,27.0,2.0,Yes,No,9540.0
Dustin Baker,Swagtron,12.0,37.0,2.0,No,,10520.0
Anthony Weber,HERO,26.0,27.0,3.0,Yes,No,9910.0
Catherine Rodriguez,Geekay,12.0,29.0,1.0,No,No,7670.0
Andre Curry,Montra,18.0,,4.0,Yes,Yes,9880.0
Ashlee Hogan,Montra,13.0,25.0,2.0,Yes,Yes,10130.0
Michael Velez,Montra,24.0,36.0,4.0,No,Yes,10940.0
Jessica Adams,Geekay,25.0,26.0,3.0,No,Yes,8700.0
Timothy Wolfe,Montra,21.0,19.0,4.0,Yes,No,8510.0
Charles Cruz,EMotorad,16.0,21.0,2.0,No,Yes,7360.0
Matthew Davis,HERO,29.0,36.0,4.0,No,No,9990.0
Cathy Rodgers,Swagtron,15.0,35.0,4.0,Yes,Yes,12650.0
Christopher Day,Geekay,14.0,32.0,1.0,No,Yes,9290.0
Alan Hughes,HERO,25.0,28.0,4.0,Yes,Yes,11350.0
Brian Cordova,Montra,27.0,28.0,2.0,Yes,No,9870.0
Ryan Ford,Montra,16.0,29.0,2.0,Yes,,9960.0
Melvin Santos,HERO,21.0,31.0,2.0,No,Yes,9410.0
George Riddle,HERO,16.0,32.0,2.0,Yes,Yes,11560.0
Joseph Allen,HERO,29.0,23.0,3.0,Yes,No,9140.0
Maria Williams,Montra,25.0,28.0,1.0,No,Yes,8600.0
Jason Krause,HERO,25.0,25.0,3.0,No,Yes,8500.0
Gregory Turner,Montra,,35.0,2.0,Yes,No,11140.0
Jeffrey Smith,Geekay,15.0,23.0,4.0,No,No,7250.0
Sara Cortez,EMotorad,21.0,24.0,2.0,Yes,No,9010.0
John Watson,Montra,24.0,29.0,2.0,No,Yes,9040.0
Tammy Mayo,Geekay,27.0,39.0,1.0,,Yes,10820.0
Bridget Vasquez,Swagtron,14.0,29.0,1.0,No,,7690.0
Angela Meyer MD,Swagtron,18.0,35.0,4.0,Yes,No,11680.0
John Thompson,Swagtron,26.0,39.0,3.0,Yes,No,12310.0
Kelly Smith,Swagtron,28.0,36.0,2.0,Yes,Yes,12480.0
Gina Bradley,EMotorad,27.0,23.0,1.0,No,,6620.0
Benjamin Mckinney,Swagtron,20.0,35.0,4.0,Yes,Yes,12700.0
Beth Pace,EMotorad,12.0,26.0,2.0,No,Yes,8320.0
Brianna Jackson,Swagtron,22.0,35.0,3.0,Yes,Yes,12470.0
Samuel Espinoza,Montra,23.0,28.0,3.0,Yes,No,10080.0
Ryan Taylor,Swagtron,25.0,25.0,1.0,No,No,7000.0
Jane Thomas,Montra,,29.0,3.0,No,No,8240.0
Danielle Harris,Montra,18.0,39.0,4.0,Yes,No,12480.0
Mark Smith,EMotorad,25.0,32.0,1.0,No,Yes,
William Morales,Swagtron,27.0,18.0,2.0,Yes,Yes,8870.0
Adam Garcia,EMotorad,21.0,19.0,1.0,Yes,No,7760.0
Jessica Lucero,Swagtron,18.0,39.0,4.0,Yes,No,12480.0
Michael Padilla,HERO,23.0,19.0,4.0,Yes,Yes,9530.0
Joshua Sandoval,EMotorad,19.0,22.0,3.0,Yes,Yes,9840.0
Justin Yates,HERO,13.0,30.0,2.0,No,Yes,9130.0
Mark Dickerson,Swagtron,21.0,26.0,4.0,Yes,Yes,10910.0
Thomas Jordan,Swagtron,14.0,36.0,3.0,No,No,9590.0
Gary Lloyd,HERO,26.0,30.0,2.0,,Yes,11260.0
Jeanne Davis,Swagtron,17.0,37.0,2.0,No,No,9570.0
Benjamin Douglas,Montra,16.0,21.0,4.0,No,No,6860.0
Christina Andrews,Swagtron,26.0,28.0,,No,Yes,8860.0
Kevin Hoover,HERO,13.0,25.0,2.0,Yes,Yes,10130.0
Jason Johnson,Geekay,24.0,38.0,3.0,,No,10090.0
Daniel Ortiz,EMotorad,12.0,32.0,1.0,Yes,Yes,11270.0
Melissa Hernandez,EMotorad,21.0,26.0,2.0,No,Yes,8410.0
Cindy Jackson,HERO,28.0,32.0,3.0,Yes,Yes,11930.0
Cathy Coleman,,14.0,21.0,3.0,No,Yes,7590.0
Gary Herrera,EMotorad,20.0,21.0,3.0,No,No,6650.0
Jessica Lynch,EMotorad,22.0,35.0,4.0,No,No,9720.0
Michael Thompson,HERO,28.0,39.0,4.0,Yes,Yes,13580.0
Andrew Miller,Montra,13.0,39.0,1.0,Yes,No,11680.0
Amy Wells,EMotorad,12.0,30.0,4.0,Yes,No,10620.0
Kimberly Jackson,EMotorad,17.0,,3.0,No,Yes,9620.0
Laura Snyder,EMotorad,14.0,25.0,3.0,No,No,7390.0
Phillip Williams,HERO,27.0,33.0,1.0,Yes,No,10620.0
Steven Blair,EMotorad,15.0,32.0,3.0,Yes,Yes,11800.0
Jessica Rojas,Geekay,26.0,25.0,4.0,No,No,
Marc Mccullough,Geekay,17.0,37.0,3.0,No,Yes,10820.0
Kevin Obrien,Montra,23.0,28.0,1.0,Yes,Yes,10580.0
John Newton,Montra,18.0,31.0,1.0,No,Yes,9130.0
Natalie Sullivan,Montra,18.0,36.0,1.0,No,No,
Lynn Bates,Montra,18.0,19.0,2.0,No,Yes,6980.0
James Cooper,Montra,14.0,29.0,4.0,Yes,No,10440.0
Kelly Sullivan,HERO,18.0,36.0,1.0,No,No,9130.0
Matthew Walters,Montra,17.0,32.0,2.0,Yes,No,10570.0
Alexandra Grant,Montra,17.0,23.0,4.0,Yes,No,9270.0
Nicholas Brown,Geekay,25.0,26.0,2.0,No,,7450.0
Laurie Mckay,Montra,21.0,36.0,4.0,Yes,Yes,12910.0
Lisa Peterson,Swagtron,16.0,20.0,4.0,No,Yes,7660.0
Robert Cruz,Swagtron,25.0,29.0,4.0,No,Yes,9550.0
Matthew English,Swagtron,29.0,30.0,1.0,Yes,No,10040.0
James Schwartz,EMotorad,15.0,29.0,4.0,,Yes,9450.0
Katherine Doyle,HERO,25.0,26.0,2.0,No,Yes,8450.0
Kristen Weaver,HERO,20.0,22.0,3.0,Yes,No,8850.0
Cynthia Robinson,Montra,25.0,35.0,3.0,No,No,9500.0
Louis Gonzalez,,17.0,30.0,4.0,Yes,Yes,11670.0
James Daniel,Swagtron,28.0,35.0,1.0,,Yes,10030.0
James Moore,Geekay,26.0,28.0,4.0,No,No,8360.0
Vanessa Murphy,Swagtron,17.0,34.0,2.0,No,No,8970.0
Karen Barnes,Geekay,13.0,28.0,3.0,No,No,7980.0
Allison Johnson,Montra,17.0,29.0,2.0,No,No,7970.0
Jennifer Phillips,HERO,18.0,20.0,2.0,No,No,6180.0
Jesus Estrada,EMotorad,24.0,28.0,3.0,Yes,No,10090.0
Lisa Small,Montra,22.0,30.0,1.0,Yes,No,9970.0
Melissa Lee,Swagtron,,35.0,2.0,No,No,9260.0
Renee Hawkins,Geekay,20.0,25.0,3.0,Yes,Yes,
Kenneth Jones,Geekay,19.0,34.0,1.0,No,No,8740.0
Lauren Robbins,EMotorad,25.0,28.0,,Yes,,10850.0
Kimberly Myers,EMotorad,17.0,,2.0,No,Yes,7170.0
William Solomon,EMotorad,27.0,33.0,2.0,,No,8870.0
Shirley Ward,EMotorad,22.0,29.0,2.0,Yes,,11020.0
Nathaniel Henderson,EMotorad,15.0,32.0,4.0,Yes,Yes,12050.0
Stephanie Keller,HERO,22.0,37.0,1.0,Yes,No,11370.0
Dennis Bond,Swagtron,15.0,38.0,2.0,No,Yes,10750.0
Anthony Taylor,Montra,26.0,27.0,,No,Yes,8910.0
Benjamin Myers,Geekay,17.0,21.0,4.0,No,Yes,7870.0
Shannon Hamilton,Swagtron,16.0,,3.0,Yes,Yes,12210.0
Andrea Brown,Montra,,18.0,3.0,No,Yes,7140.0
Michael Frank,EMotorad,17.0,31.0,1.0,Yes,No,10120.0
Daniel Oliver,Geekay,15.0,24.0,3.0,No,Yes,8200.0
Shannon Andrews,Montra,17.0,22.0,4.0,Yes,No,9070.0
Amanda Crawford,,20.0,21.0,2.0,No,No,6400.0
Jennifer Fisher,HERO,16.0,37.0,2.0,No,No,9560.0
Laura Smith,EMotorad,29.0,35.0,3.0,No,Yes,10540.0
Bobby Costa,Geekay,13.0,34.0,1.0,No,No,8680.0
Kevin Martinez,Geekay,13.0,25.0,1.0,No,No,6880.0
Katherine Butler,EMotorad,26.0,29.0,2.0,No,No,8060.0
Sandra Bailey DDS,Swagtron,29.0,20.0,2.0,Yes,Yes,9290.0
Mary Williams,Geekay,19.0,26.0,3.0,No,Yes,8640.0
Christina Alvarez,Montra,23.0,26.0,1.0,No,Yes,8180.0
Eric Myers,Montra,26.0,24.0,3.0,Yes,Yes,10310.0
Christopher Garza,Swagtron,28.0,38.0,2.0,Yes,No,11880.0
Christina Mclaughlin,EMotorad,13.0,19.0,2.0,Yes,Yes,8930.0
Hayley Moore,Swagtron,29.0,39.0,3.0,No,Yes,11340.0
Tina Thomas,Swagtron,24.0,22.0,1.0,No,No,6390.0
William Alexander,HERO,26.0,37.0,2.0,No,Yes,10660.0
Richard Wilson,Montra,12.0,29.0,2.0,No,No,7920.0
Yolanda Lynch,EMotorad,14.0,23.0,1.0,Yes,Yes,9490.0
Tiffany Mays,Geekay,26.0,25.0,2.0,Yes,No,9260.0
Deborah Haas,EMotorad,23.0,28.0,1.0,Yes,Yes,10580.0
Michelle Reynolds,EMotorad,21.0,27.0,1.0,No,Yes,8360.0
Heather Martinez,Swagtron,26.0,37.0,2.0,No,Yes,10660.0
Debbie Griffin,Montra,12.0,37.0,3.0,Yes,Yes,12770.0
Patrick Reynolds,Geekay,24.0,36.0,2.0,No,No,9440.0
Tammy Hill,Geekay,,37.0,,No,Yes,10610.0
Alyssa Wright,Geekay,,23.0,2.0,No,Yes,7760.0
Angela Miller,HERO,19.0,31.0,4.0,Yes,No,10890.0
Stephen Bryant,EMotorad,15.0,33.0,2.0,No,No,8750.0
Andrea Burton PhD,Geekay,28.0,37.0,,No,Yes,10930.0
Melanie Rodriguez,Swagtron,24.0,30.0,3.0,No,No,8490.0
Sandra Moore,Montra,17.0,39.0,3.0,No,No,10220.0
Samantha Dillon,Montra,25.0,29.0,1.0,Yes,Yes,10800.0
Cynthia Murphy,Montra,28.0,18.0,4.0,No,No,6380.0
Kerry Levy,EMotorad,25.0,32.0,4.0,No,No,9150.0
Eric Chaney,Swagtron,29.0,25.0,3.0,Yes,Yes,10540.0
Jennifer Lewis,HERO,19.0,18.0,4.0,Yes,Yes,9290.0
Steven Evans,EMotorad,29.0,19.0,1.0,Yes,Yes,8840.0
Sheri Franklin,Montra,26.0,,2.0,Yes,No,10860.0
Eric Miller,HERO,15.0,31.0,3.0,No,No,8600.0
Erica Brown,Montra,22.0,29.0,4.0,No,Yes,9520.0
Ronald Jones,Geekay,22.0,33.0,3.0,Yes,No,11070.0
Sherry Martinez,Montra,13.0,22.0,3.0,Yes,Yes,9780.0
Andrew Huang,Montra,28.0,28.0,3.0,Yes,Yes,11130.0
Duane Jackson,EMotorad,22.0,39.0,3.0,Yes,Yes,13270.0
Dawn Harris,EMotorad,28.0,25.0,2.0,No,Yes,8280.0
Tammy Lutz,Montra,14.0,28.0,3.0,,Yes,8990.0
Kristin Mercado,HERO,18.0,29.0,4.0,Yes,No,10480.0
Elizabeth Miller,Geekay,21.0,18.0,4.0,Yes,No,8310.0
Margaret Gallagher,EMotorad,14.0,35.0,1.0,Yes,No,10890.0
Melissa Rivera,EMotorad,24.0,30.0,1.0,No,Yes,8990.0
Jessica Thomas,Montra,21.0,29.0,4.0,Yes,Yes,11510.0
Ann Willis,Swagtron,16.0,33.0,3.0,No,Yes,10010.0
Jodi Berg,Swagtron,16.0,38.0,4.0,No,Yes,11260.0
Veronica York,Geekay,,20.0,1.0,,Yes,8960.0
Travis Flores II,Montra,22.0,20.0,3.0,Yes,No,8470.0
Joseph Miller,HERO,24.0,28.0,4.0,Yes,No,10340.0
Kathy Goodwin,Geekay,20.0,22.0,2.0,Yes,No,8600.0
Nicholas Lin,Geekay,13.0,22.0,4.0,No,Yes,8030.0
Charles Pruitt,HERO,17.0,37.0,1.0,,No,11320.0
Carolyn Wheeler,Montra,19.0,30.0,4.0,Yes,No,10690.0
Julie Grant,Geekay,12.0,35.0,3.0,Yes,Yes,12370.0
Cindy Orr,HERO,13.0,,4.0,Yes,No,11430.0
Donald Martinez,Swagtron,15.0,33.0,1.0,Yes,No,10500.0
Amy Brady,Montra,20.0,24.0,,Yes,No,9500.0
John Coleman,HERO,19.0,24.0,3.0,Yes,Yes,10240.0
Heather Lyons,Geekay,22.0,34.0,4.0,Yes,No,11520.0
Jessica Davis,Geekay,15.0,,1.0,,,7300.0
Katie Hansen,Montra,24.0,31.0,2.0,No,No,8440.0
Natalie Cordova,EMotorad,25.0,27.0,4.0,Yes,Yes,11150.0
Cheryl Ali,EMotorad,12.0,39.0,,Yes,No,12420.0
Timothy Smith,HERO,22.0,20.0,1.0,Yes,Yes,8970.0
Phyllis Eaton,Swagtron,15.0,27.0,1.0,Yes,Yes,10300.0
David Blair,Swagtron,18.0,32.0,4.0,Yes,No,11080.0
Cheryl Wagner,,15.0,22.0,1.0,No,Yes,7300.0
Andrea Pena,HERO,18.0,38.0,1.0,No,Yes,10530.0
Wesley Thomas,Swagtron,14.0,18.0,3.0,Yes,No,7990.0
Ryan Sullivan,Geekay,18.0,28.0,4.0,Yes,Yes,11280.0
Brittany Ward,EMotorad,23.0,31.0,,Yes,No,10930.0
Todd Lawrence,HERO,12.0,29.0,2.0,Yes,No,9920.0
Stephen Ray,Geekay,16.0,20.0,2.0,Yes,Yes,9160.0
Mary Dominguez,Montra,25.0,23.0,1.0,Yes,Yes,9600.0
Cameron Allison,EMotorad,21.0,25.0,1.0,No,Yes,7960.0
Debra Gregory,Swagtron,14.0,35.0,4.0,Yes,No,11640.0
Molly Lawrence,EMotorad,13.0,21.0,2.0,No,No,6330.0
Stacy Howard,EMotorad,24.0,33.0,4.0,No,No,9340.0
Justin Aguirre,HERO,27.0,,4.0,Yes,Yes,9770.0
Christy White,HERO,13.0,34.0,4.0,No,Yes,
Sarah Cline,Montra,24.0,37.0,2.0,Yes,No,11640.0
Bryan Moore,EMotorad,17.0,36.0,4.0,Yes,No,11870.0
Joseph Rivera,Swagtron,,36.0,2.0,Yes,No,11380.0
Jaclyn Moore,HERO,13.0,28.0,2.0,No,Yes,8730.0
Matthew Chaney,Swagtron,22.0,36.0,1.0,No,Yes,10170.0
Troy Garcia,HERO,18.0,21.0,4.0,No,No,6880.0
Martin Hill,HERO,18.0,39.0,2.0,Yes,Yes,12980.0
Brooke Moreno,EMotorad,18.0,35.0,1.0,,No,8930.0
Phyllis Bauer,EMotorad,18.0,,1.0,No,Yes,7930.0
Sarah Ayala,HERO,23.0,28.0,2.0,No,Yes,8830.0
Eric Branch,Montra,14.0,32.0,3.0,No,Yes,9790.0
Timothy Harris,HERO,24.0,23.0,1.0,No,No,6590.0
Elizabeth Parsons,HERO,21.0,29.0,2.0,Yes,Yes,11010.0
Theodore Gonzalez,Swagtron,20.0,37.0,1.0,Yes,Yes,12350.0
Cheryl Brown,Swagtron,17.0,28.0,3.0,Yes,Yes,11020.0
Jose Garcia,Geekay,23.0,28.0,4.0,No,No,8330.0
Mary Munoz,EMotorad,13.0,27.0,2.0,No,No,7530.0
Steven Parsons,Swagtron,23.0,21.0,4.0,Yes,Yes,9930.0
Justin Moyer,EMotorad,27.0,29.0,1.0,No,No,7820.0
Lisa Jimenez,HERO,24.0,18.0,3.0,Yes,No,8090.0
Erika Estrada,Swagtron,27.0,24.0,,Yes,No,9320.0
Rachael Noble,HERO,24.0,37.0,1.0,Yes,Yes,12390.0
Michelle Zimmerman,Montra,25.0,39.0,2.0,Yes,Yes,13050.0
Caroline Thompson,EMotorad,24.0,19.0,2.0,Yes,No,8040.0
Cynthia Miller,HERO,21.0,30.0,1.0,No,No,7960.0
Mr. Austin Santos DDS,Montra,18.0,27.0,3.0,No,No,7830.0
Duane Santos,HERO,16.0,37.0,4.0,Yes,Yes,13060.0
Timothy Smith,HERO,28.0,29.0,3.0,No,No,8330.0
Dr. Tanya Hurst,Swagtron,20.0,21.0,3.0,No,Yes,7650.0
Devin Willis,EMotorad,17.0,27.0,3.0,No,No,7820.0
Amanda Russell,Montra,27.0,26.0,1.0,No,Yes,8220.0
Megan Gordon,HERO,17.0,38.0,4.0,No,No,10270.0
Ariel Myers,Montra,17.0,26.0,3.0,Yes,Yes,10620.0
Cathy Donovan,Montra,29.0,27.0,1.0,Yes,No,9440.0
Kelly Andersen,EMotorad,12.0,31.0,2.0,No,No,8320.0
Douglas Martinez,Geekay,28.0,33.0,2.0,Yes,Yes,11880.0
Kevin Schultz,HERO,28.0,33.0,3.0,No,Yes,10130.0
Eric Rivera,Swagtron,12.0,22.0,3.0,Yes,Yes,9770.0
Crystal Wilson,Geekay,22.0,19.0,4.0,No,Yes,7520.0
Nicholas Rodriguez,HERO,24.0,23.0,3.0,No,No,7090.0
Leslie Thomas,EMotorad,12.0,28.0,2.0,Yes,No,9720.0
Christopher Cobb,Swagtron,19.0,18.0,1.0,Yes,No,
Rebecca Cervantes,EMotorad,17.0,37.0,1.0,No,No,9320.0
Miranda Braun,Montra,16.0,24.0,4.0,Yes,Yes,10460.0
Benjamin Cooper,Geekay,16.0,21.0,1.0,Yes,Yes,9110.0
Benjamin Flynn,EMotorad,17.0,34.0,4.0,Yes,Yes,12470.0
William Smith,Swagtron,24.0,,3.0,No,Yes,7690.0
Richard Hall,HERO,29.0,24.0,1.0,Yes,Yes,9840.0
Darryl Suarez,HERO,24.0,27.0,4.0,No,No,8140.0
Melissa Armstrong,EMotorad,18.0,23.0,4.0,Yes,Yes,10280.0
Stephen Hughes,Montra,19.0,29.0,,Yes,No,10240.0
Chris Harper,Geekay,28.0,35.0,2.0,Yes,Yes,12280.0
Robert Richardson,Geekay,12.0,29.0,1.0,No,Yes,8670.0
Nicole Moreno,EMotorad,27.0,21.0,3.0,Yes,Yes,9720.0
Christina Marshall,Swagtron,22.0,38.0,1.0,No,Yes,10570.0
Kelly Wagner,EMotorad,15.0,32.0,2.0,Yes,Yes,11550.0
John Simpson,,15.0,32.0,1.0,Yes,No,10300.0
Marie Bartlett,Geekay,28.0,34.0,4.0,No,Yes,10580.0
Antonio Reid,Geekay,28.0,21.0,1.0,No,No,6230.0
Holly Richards,EMotorad,21.0,39.0,4.0,Yes,No,12510.0
Bruce Bush,Geekay,17.0,24.0,2.0,No,Yes,7970.0
Patrick Taylor,,28.0,29.0,4.0,Yes,No,10580.0
Jerry Munoz,HERO,29.0,24.0,3.0,Yes,Yes,10340.0
Christopher Frey,Geekay,21.0,38.0,4.0,No,Yes,11310.0
Dave Flowers,EMotorad,24.0,20.0,4.0,No,Yes,7740.0
Jeffery Gonzales,HERO,27.0,18.0,3.0,Yes,,8120.0
Jonathan Douglas,HERO,18.0,19.0,4.0,No,Yes,7480.0
Kimberly Novak,HERO,26.0,39.0,4.0,Yes,No,12560.0
Keith Perez,Swagtron,13.0,22.0,3.0,Yes,,8780.0
Darrell Aguilar,HERO,16.0,31.0,4.0,Yes,Yes,11860.0
Adam Thompson,Geekay,28.0,26.0,4.0,No,No,7980.0
Jason Cook,EMotorad,16.0,25.0,1.0,Yes,Yes,9910.0
Alexandra Carter,Geekay,19.0,35.0,1.0,Yes,Yes,11940.0
Stephen Brown,Montra,26.0,38.0,4.0,Yes,No,12360.0
Dylan Arellano,EMotorad,19.0,26.0,3.0,No,,8640.0
David Mitchell,EMotorad,14.0,23.0,3.0,,Yes,9990.0
Yolanda Odonnell,Geekay,28.0,19.0,1.0,No,No,5830.0
Robert Garrett,Geekay,27.0,36.0,3.0,No,Yes,10720.0
Gordon Rowe,Geekay,27.0,28.0,3.0,,No,10120.0
Steven Francis,Montra,23.0,29.0,1.0,No,Yes,8780.0
Michael Jackson,HERO,26.0,25.0,2.0,Yes,Yes,
Diana Wilson,Montra,19.0,28.0,1.0,Yes,Yes,10540.0
Jennifer Melendez,HERO,14.0,39.0,3.0,Yes,No,12190.0
Anna Hardin,HERO,29.0,25.0,4.0,No,No,7790.0
Christina Davis,Geekay,15.0,30.0,3.0,Yes,Yes,11400.0
Jessica Ball,Geekay,19.0,37.0,,Yes,No,12090.0
Michael Walker,Swagtron,25.0,31.0,4.0,Yes,Yes,11950.0
Ashley Campbell,Geekay,28.0,28.0,4.0,No,No,8380.0
Christine Bright,Montra,17.0,21.0,2.0,Yes,Yes,9370.0
Wendy Bird,Swagtron,16.0,38.0,2.0,Yes,No,11760.0
Roberta Campbell,HERO,25.0,38.0,1.0,No,Yes,10600.0
Aaron Salazar,HERO,17.0,35.0,2.0,,Yes,10170.0
Shannon Thompson,Geekay,23.0,37.0,4.0,Yes,Yes,13130.0
Tammy Terry DVM,Montra,20.0,23.0,3.0,No,No,7050.0
Kimberly Brown,Montra,12.0,19.0,3.0,Yes,No,8170.0
Jeffrey Casey,Montra,29.0,30.0,4.0,Yes,Yes,11790.0
Kristen Donovan,Montra,17.0,25.0,3.0,,Yes,8420.0
Daniel Perez,Swagtron,16.0,23.0,3.0,No,No,
Ashley White,Geekay,13.0,38.0,2.0,No,Yes,10730.0
Kenneth Shaw,Swagtron,17.0,20.0,4.0,No,No,6670.0
Samuel Coffey,Swagtron,28.0,34.0,3.0,Yes,Yes,12330.0
Kathleen Vega,,18.0,31.0,3.0,No,No,8630.0
Edward Smith,Swagtron,20.0,26.0,3.0,,Yes,8650.0
Christopher Harris DDS,Swagtron,16.0,25.0,4.0,Yes,Yes,10660.0
Andrew Finley,HERO,22.0,19.0,4.0,No,Yes,7520.0
William Castillo,Swagtron,22.0,19.0,1.0,Yes,No,7770.0
Daniel Dodson,HERO,15.0,19.0,1.0,Yes,No,7700.0
Jennifer Krueger,HERO,17.0,27.0,3.0,No,Yes,8820.0
Nicole Cain,Montra,21.0,22.0,2.0,Yes,No,
Mckenzie Anderson,,20.0,24.0,2.0,No,,8000.0
Jorge Bailey,EMotorad,29.0,19.0,4.0,Yes,Yes,9590.0
Madison James DDS,EMotorad,20.0,36.0,4.0,Yes,Yes,12900.0
Angela Mercer,Montra,22.0,38.0,1.0,Yes,Yes,
Antonio Ross,Geekay,13.0,28.0,1.0,Yes,Yes,10480.0
David Gonzalez,Montra,26.0,33.0,4.0,No,No,9360.0
Kevin Guerrero,Swagtron,17.0,21.0,2.0,No,No,6370.0
Stephanie Griffin,HERO,28.0,36.0,1.0,Yes,No,11230.0
Mary Garrett,Montra,15.0,39.0,1.0,Yes,No,11700.0
Curtis Hill,HERO,19.0,24.0,3.0,Yes,Yes,10240.0
Edward Johnson Jr.,,13.0,38.0,2.0,No,Yes,10730.0
Kimberly Figueroa,Geekay,20.0,39.0,3.0,No,No,10250.0
Brian Smith,Swagtron,12.0,18.0,1.0,No,Yes,6470.0
Christopher Stout,,17.0,32.0,1.0,No,Yes,9320.0
Kristina Maynard,Montra,27.0,21.0,,No,Yes,7220.0
Amanda Davis,EMotorad,18.0,39.0,1.0,No,Yes,10730.0
Nathan Jones,HERO,27.0,23.0,4.0,No,No,7370.0
Tanya Thompson,HERO,17.0,25.0,2.0,No,No,7170.0
Edward Wilson,HERO,21.0,34.0,2.0,,,11010.0
Heather Jones,,29.0,,2.0,Yes,No,10090.0
John Stewart,HERO,28.0,29.0,2.0,No,Yes,9080.0
Cassandra Riley,HERO,28.0,30.0,3.0,No,No,8530.0
Donald Smith,Montra,23.0,20.0,3.0,Yes,Yes,9480.0
Tom Chavez,Swagtron,26.0,23.0,3.0,Yes,Yes,10110.0
Walter Anderson,HERO,17.0,35.0,1.0,Yes,No,10920.0
Sara Osborn,Montra,27.0,32.0,4.0,Yes,No,11170.0
Alexis Wilson,Swagtron,25.0,23.0,2.0,Yes,Yes,9850.0
Joshua Rice,HERO,23.0,32.0,4.0,Yes,No,11130.0
Kimberly Davis,HERO,23.0,35.0,2.0,Yes,Yes,12230.0
Michael Haley,HERO,13.0,27.0,2.0,Yes,No,9530.0
Sarah Klein,Montra,19.0,32.0,3.0,Yes,Yes,11840.0
Tammy Scott,,28.0,30.0,1.0,Yes,No,10030.0
Timothy Lee,Swagtron,19.0,20.0,1.0,No,Yes,6940.0
Heather Mccarthy,Montra,27.0,21.0,4.0,No,No,6970.0
Laura Brown,Geekay,12.0,18.0,1.0,Yes,No,7470.0
Mia Castillo,Montra,16.0,30.0,3.0,Yes,No,10410.0
Eduardo Cantrell,Swagtron,14.0,30.0,,No,No,8140.0
Russell Alexander,Geekay,20.0,30.0,4.0,No,Yes,
Christopher Wood,EMotorad,22.0,37.0,3.0,No,Yes,10870.0
Barbara Butler,Geekay,17.0,18.0,2.0,Yes,No,7770.0
Emily Zuniga,Swagtron,18.0,35.0,1.0,No,No,8930.0
Susan Bennett,Montra,18.0,20.0,4.0,Yes,Yes,9680.0
Madison Johnson MD,HERO,16.0,36.0,4.0,Yes,No,11860.0
Margaret Smith,HERO,13.0,37.0,2.0,No,No,9530.0
Patricia Washington,Geekay,16.0,22.0,1.0,Yes,No,8310.0
Michael Pittman,Swagtron,17.0,39.0,4.0,No,No,10470.0
Lynn Washington,Montra,17.0,23.0,1.0,,No,6520.0
Jimmy Jones,Montra,18.0,35.0,1.0,Yes,Yes,11930.0
Barbara Williams,Geekay,15.0,24.0,2.0,Yes,Yes,9950.0
Joseph Johnson,Montra,29.0,33.0,3.0,No,No,9140.0
Jennifer Wade,,27.0,19.0,1.0,No,No,5820.0
James Mcclure,HERO,21.0,33.0,4.0,,Yes,12310.0
Matthew Ibarra,Geekay,16.0,27.0,4.0,Yes,No,10060.0
Ryan Vang,Montra,29.0,31.0,4.0,Yes,No,10990.0
Samantha Miller,Geekay,14.0,35.0,4.0,No,Yes,10640.0
Joshua Santana,,15.0,30.0,2.0,No,Yes,9150.0
Michael Daniels,EMotorad,25.0,39.0,,Yes,Yes,12800.0
Barry Williams,Montra,23.0,31.0,,Yes,Yes,11430.0
Brady Cooley,Geekay,25.0,36.0,3.0,Yes,No,11700.0
David Gutierrez,HERO,16.0,33.0,1.0,Yes,Yes,11510.0
Bailey Craig,EMotorad,29.0,20.0,1.0,No,Yes,7040.0
Vincent White,Montra,18.0,29.0,1.0,No,No,7730.0
Andrea Montes,HERO,27.0,27.0,3.0,Yes,,9920.0
Joseph Ryan,,14.0,,2.0,Yes,Yes,12340.0
James Marshall,Swagtron,22.0,26.0,1.0,Yes,Yes,10170.0
Amy James,HERO,29.0,37.0,1.0,Yes,Yes,12440.0
Holly Carlson,Geekay,17.0,33.0,4.0,Yes,No,11270.0
Marc Peters,HERO,16.0,22.0,3.0,Yes,Yes,9810.0
Maria Russell,Geekay,16.0,28.0,4.0,No,Yes,9260.0
Stephen Hubbard,Swagtron,27.0,35.0,4.0,No,Yes,10770.0
Elizabeth Thompson,HERO,14.0,24.0,2.0,Yes,No,8940.0
Zachary Fuller,EMotorad,23.0,,4.0,No,No,8730.0
Jackson Mcneil,EMotorad,14.0,26.0,3.0,Yes,Yes,10590.0
Samuel Gray,HERO,13.0,26.0,3.0,No,Yes,8580.0
Jenny Campbell,HERO,26.0,26.0,1.0,No,Yes,8210.0
Greg Small,HERO,28.0,30.0,2.0,Yes,Yes,11280.0
Ashley Jennings,EMotorad,23.0,23.0,1.0,Yes,Yes,9580.0
William Bruce,Montra,13.0,36.0,4.0,Yes,Yes,12830.0
Susan Williams,Geekay,13.0,20.0,1.0,No,No,5880.0
Richard King,Geekay,25.0,23.0,3.0,Yes,No,9100.0
Richard Collins,Montra,18.0,23.0,3.0,No,Yes,8030.0
Dr. Lindsey Schmidt,Montra,25.0,22.0,4.0,No,Yes,8150.0
Arthur Boyd,Geekay,18.0,28.0,1.0,Yes,,9530.0
Mr. David Andrade,,,35.0,3.0,No,Yes,10530.0
Caleb Contreras,Montra,15.0,29.0,3.0,No,Yes,9200.0
Mr. Michael Lewis,Montra,26.0,35.0,2.0,Yes,Yes,12260.0
Joseph Robinson,Montra,14.0,26.0,1.0,Yes,Yes,10090.0
Donna Briggs,Montra,17.0,21.0,1.0,Yes,Yes,9120.0
Devon Davis,Montra,19.0,34.0,2.0,No,No,8990.0
Jennifer Clark,Swagtron,27.0,29.0,3.0,Yes,No,10320.0
Jeffrey Morton,HERO,26.0,36.0,2.0,Yes,No,11460.0
Christopher Hampton,Swagtron,15.0,33.0,2.0,No,No,8750.0
Stephen Nolan,Geekay,19.0,21.0,2.0,Yes,No,8390.0
Jason Walters,HERO,19.0,22.0,3.0,No,No,6840.0
Emily Long,HERO,18.0,25.0,4.0,No,No,7680.0
Yvette Watkins,Swagtron,29.0,39.0,4.0,Yes,No,12590.0
Carolyn Thompson,Montra,23.0,39.0,4.0,No,Yes,11530.0
Amber Ortiz,Montra,15.0,21.0,2.0,Yes,,8350.0
Alex Pennington,Geekay,25.0,29.0,4.0,Yes,No,10550.0
Diana Banks,Geekay,16.0,33.0,1.0,No,No,8510.0
Jasmine Sanchez,Swagtron,18.0,31.0,4.0,Yes,Yes,11880.0
Lisa Fisher,Montra,,33.0,3.0,Yes,Yes,12080.0
Robert Mclean,EMotorad,26.0,19.0,2.0,Yes,No,8060.0
Crystal Hall,HERO,24.0,29.0,2.0,Yes,Yes,11040.0
Jennifer Ford,HERO,15.0,23.0,4.0,Yes,,10250.0
Douglas Perez,EMotorad,17.0,,2.0,,Yes,9570.0
Jennifer Davidson,Swagtron,19.0,18.0,2.0,Yes,Yes,8790.0
Terry Reid,EMotorad,,23.0,2.0,Yes,Yes,9860.0
Wesley Brady,Geekay,23.0,29.0,2.0,Yes,No,10030.0
Tonya Mora MD,Montra,21.0,31.0,1.0,No,Yes,9160.0
Donna Oneill,Swagtron,23.0,,3.0,No,No,7480.0
Tabitha Martinez,Swagtron,28.0,26.0,1.0,Yes,Yes,10230.0
Mackenzie Shields,Geekay,19.0,29.0,4.0,Yes,No,10490.0
Michael Hartman,HERO,13.0,19.0,4.0,Yes,Yes,9430.0
William Smith,Montra,12.0,32.0,2.0,No,No,8520.0
David Stevenson,Geekay,21.0,24.0,2.0,No,Yes,
Aaron Martin,Swagtron,20.0,29.0,4.0,Yes,No,10500.0
Susan Cross,EMotorad,23.0,28.0,2.0,No,No,7830.0
Michael Smith,Swagtron,29.0,,,No,No,5640.0
Kelly Mercado,Swagtron,27.0,36.0,2.0,No,Yes,10470.0
Jamie Sanders,Geekay,15.0,26.0,1.0,Yes,No,9100.0
Tyler Campbell,Swagtron,22.0,24.0,3.0,No,No,7270.0
John Ball MD,Montra,26.0,29.0,1.0,,No,7810.0
Brandon Bailey,EMotorad,,21.0,4.0,Yes,Yes,9970.0
Sarah Clements,Swagtron,13.0,38.0,4.0,No,Yes,11230.0
Michelle Kelly,Montra,24.0,22.0,4.0,Yes,No,9140.0
Katelyn Miller,Swagtron,23.0,22.0,1.0,Yes,Yes,9380.0
Taylor Hess,Geekay,19.0,35.0,3.0,Yes,No,11440.0
Amy Goodwin,HERO,23.0,38.0,4.0,Yes,Yes,13330.0
Brooke Reyes,Montra,25.0,33.0,2.0,Yes,No,10850.0
Jonathan Jones,,14.0,37.0,1.0,No,No,
Robert Scott,Swagtron,13.0,26.0,3.0,No,No,7580.0
Claudia Henry,HERO,28.0,27.0,1.0,Yes,No,9430.0
Dennis Rose,HERO,13.0,36.0,,No,No,9080.0
John Robertson,HERO,28.0,35.0,3.0,Yes,Yes,12530.0
Bradley Braun,Swagtron,13.0,25.0,1.0,No,Yes,7880.0
Kevin Martinez,Swagtron,13.0,37.0,4.0,No,Yes,11030.0
Samuel Smith,Montra,24.0,21.0,3.0,Yes,No,8690.0
Taylor Austin,Montra,18.0,27.0,1.0,Yes,Yes,10330.0
Omar Stevens,Montra,20.0,33.0,2.0,Yes,No,10800.0
Jose Herring,Swagtron,20.0,34.0,3.0,Yes,Yes,12250.0
Eric Hansen,Swagtron,25.0,25.0,2.0,Yes,No,9250.0
Pamela Jacobs,HERO,22.0,39.0,1.0,Yes,No,11770.0
Mark Meyer,EMotorad,12.0,21.0,2.0,No,No,6320.0
John Guzman,EMotorad,16.0,25.0,3.0,Yes,Yes,10410.0
Joseph Wilkins,Geekay,12.0,26.0,1.0,Yes,Yes,10070.0
Julie Garcia,Montra,17.0,23.0,3.0,Yes,Yes,10020.0
Dr. Kevin Boone,EMotorad,27.0,23.0,1.0,No,Yes,7620.0
Michael Gray,,27.0,19.0,4.0,No,No,6570.0
Justin Powell,HERO,24.0,32.0,,No,Yes,10140.0
Vincent Bray,EMotorad,25.0,24.0,4.0,Yes,No,9550.0
Wendy Murphy,Geekay,22.0,35.0,2.0,No,No,9220.0
Angela Campos,Montra,,26.0,2.0,No,No,7410.0
Timothy Hall,Geekay,28.0,19.0,4.0,Yes,No,8580.0
Cheryl Black,HERO,18.0,,3.0,Yes,,9430.0
Austin Stein,HERO,15.0,34.0,3.0,No,No,9200.0
Michelle Bryant MD,,28.0,20.0,1.0,Yes,No,8030.0
Daniel Washington,Swagtron,12.0,29.0,3.0,No,Yes,9170.0
Alison Dominguez,HERO,13.0,28.0,3.0,No,No,7980.0
Joseph Rivers,HERO,12.0,38.0,2.0,Yes,Yes,12720.0
Matthew Mcdowell,Montra,23.0,22.0,3.0,Yes,No,8880.0
Samantha Lowery,HERO,27.0,32.0,3.0,No,No,8920.0
Joel King,EMotorad,27.0,38.0,1.0,No,No,9620.0
Matthew Cowan,HERO,19.0,25.0,4.0,No,Yes,8690.0
John Harris,Swagtron,24.0,23.0,4.0,No,,8340.0
Gary Williams,Swagtron,25.0,32.0,2.0,No,,8650.0
Darlene Thomas,EMotorad,26.0,36.0,2.0,Yes,No,11460.0
Jennifer Brennan,Swagtron,26.0,32.0,1.0,Yes,No,10410.0
Kelli Miller,EMotorad,,33.0,2.0,Yes,No,10790.0
Andrea Moore,,24.0,37.0,1.0,No,No,9390.0
Brandon Martin,HERO,23.0,18.0,4.0,Yes,No,8330.0
Ashley Ryan,Swagtron,24.0,24.0,4.0,Yes,No,9540.0
Mrs. Sara Hays DVM,Montra,27.0,27.0,1.0,Yes,Yes,10420.0
Jason Bennett,HERO,23.0,19.0,4.0,No,No,6530.0
Amy Phillips,EMotorad,25.0,29.0,3.0,Yes,Yes,11300.0
Chelsey Patel,HERO,26.0,24.0,,Yes,Yes,10310.0
Christopher Murphy,Geekay,16.0,26.0,,No,Yes,8860.0
Kimberly King,Montra,13.0,22.0,1.0,Yes,No,8280.0
Tiffany Harris,Geekay,29.0,30.0,3.0,Yes,Yes,11540.0
Kaitlyn Rojas,Geekay,29.0,21.0,3.0,Yes,No,8740.0
Amber Jarvis,EMotorad,28.0,23.0,4.0,Yes,Yes,10380.0
Ms. Lisa Cain,HERO,21.0,30.0,2.0,Yes,No,10210.0
Chad Parker,Geekay,28.0,36.0,2.0,Yes,No,11480.0
Danielle Cochran,Geekay,14.0,18.0,4.0,No,No,6240.0
Crystal Wheeler,EMotorad,27.0,19.0,4.0,Yes,No,8570.0
Michael Obrien,EMotorad,29.0,38.0,3.0,No,No,10140.0
Stephen Bishop,HERO,18.0,31.0,1.0,Yes,No,
Michael Singleton,Geekay,12.0,34.0,1.0,Yes,No,10670.0
Bobby Roberts,,18.0,29.0,3.0,Yes,Yes,11230.0
Robert Thomas,Montra,24.0,39.0,3.0,Yes,,12290.0
Adam James,Swagtron,27.0,32.0,,No,Yes,9420.0
Mary Moyer,Montra,22.0,31.0,2.0,No,Yes,9420.0
Elizabeth Cooper,Swagtron,14.0,26.0,2.0,No,No,7340.0
Jessica Gonzalez,Swagtron,20.0,21.0,1.0,Yes,Yes,9150.0
Corey Aguirre,Geekay,18.0,27.0,4.0,No,No,8080.0
Tiffany Green,EMotorad,14.0,35.0,4.0,No,No,9640.0
Tracy Whitaker,Geekay,12.0,23.0,3.0,No,No,6970.0
James Patton,Montra,22.0,29.0,2.0,Yes,No,10020.0
Andrea Levy,Geekay,24.0,31.0,4.0,Yes,No,10940.0
David Cobb,Swagtron,15.0,27.0,4.0,Yes,Yes,11050.0
Jennifer Thomas,HERO,21.0,31.0,4.0,Yes,Yes,11910.0
Michelle Wall,EMotorad,19.0,31.0,1.0,Yes,Yes,11140.0
Aaron Brown,Geekay,28.0,34.0,3.0,No,Yes,10330.0
Brandy Smith,Montra,22.0,35.0,3.0,No,No,9470.0
Teresa Smith,EMotorad,16.0,31.0,2.0,Yes,Yes,11360.0
Kevin Green,EMotorad,29.0,25.0,4.0,No,Yes,8790.0
Lawrence Lee,HERO,15.0,35.0,3.0,No,Yes,10400.0
Emily Ramirez,Swagtron,17.0,22.0,1.0,Yes,Yes,9320.0
Kelly Mclean,HERO,18.0,29.0,1.0,No,Yes,8730.0
Jason Martinez,Montra,23.0,33.0,1.0,No,Yes,9580.0
John Roy,Swagtron,14.0,26.0,4.0,No,Yes,8840.0
Anthony Lee,Montra,19.0,24.0,1.0,Yes,No,8740.0
Joseph Collier,Geekay,21.0,25.0,4.0,No,No,7710.0
Amanda Daniel,Montra,12.0,39.0,3.0,Yes,No,12170.0
Michael Mccoy,EMotorad,28.0,29.0,1.0,No,No,7830.0
Joshua Lane,Swagtron,29.0,23.0,4.0,Yes,No,9390.0
Mark Briggs,Geekay,20.0,35.0,2.0,No,Yes,
Clayton French,HERO,27.0,38.0,3.0,Yes,Yes,13120.0
Marissa Mccann,HERO,28.0,27.0,3.0,No,Yes,8930.0
Erik Perez,EMotorad,29.0,18.0,4.0,Yes,Yes,9390.0
Christopher Gibbs,Montra,22.0,24.0,,Yes,Yes,10520.0
Kelly Alexander,EMotorad,29.0,37.0,3.0,No,Yes,10940.0
Megan Sullivan,Montra,15.0,25.0,4.0,No,Yes,8650.0
James Sandoval,EMotorad,19.0,36.0,1.0,Yes,No,11140.0
Jay Hoffman,Montra,21.0,24.0,4.0,No,Yes,8510.0
Julie Campbell PhD,Swagtron,15.0,21.0,3.0,No,,7600.0
Holly Brewer,HERO,19.0,23.0,1.0,No,No,6540.0
Donald Hunter,Swagtron,28.0,27.0,4.0,No,Yes,9180.0
Tammy Harris,Swagtron,14.0,23.0,1.0,No,,6490.0
Diane Wilson,Montra,16.0,34.0,4.0,No,No,9460.0
Richard Ayers,HERO,16.0,24.0,3.0,Yes,No,
Jennifer Warren,Montra,18.0,29.0,3.0,No,Yes,9230.0
Dwayne Kramer,EMotorad,12.0,35.0,1.0,No,Yes,9870.0
Leslie Bishop,EMotorad,29.0,38.0,3.0,No,No,10140.0
Joseph Williamson,Montra,17.0,25.0,3.0,No,Yes,8420.0
David Jacobs,EMotorad,26.0,39.0,1.0,Yes,Yes,12810.0
Laura Stephens,EMotorad,20.0,36.0,1.0,No,No,9150.0
Christopher Wright Jr.,HERO,,28.0,3.0,Yes,No,9990.0
Jasmine Williams,Swagtron,29.0,,1.0,No,,6840.0
Gabriela Cain,HERO,,22.0,1.0,No,No,6420.0
William Paul,Geekay,28.0,25.0,4.0,No,No,7780.0
Christopher Morris,Montra,20.0,33.0,2.0,Yes,No,10800.0
Patricia Howell,Swagtron,24.0,31.0,3.0,Yes,Yes,11690.0
James Duffy,EMotorad,19.0,21.0,3.0,No,No,6640.0
Cory Ramsey,Geekay,24.0,24.0,4.0,No,Yes,8540.0
Michael Hernandez,Geekay,12.0,29.0,3.0,Yes,Yes,11170.0
Jerry Merritt,HERO,23.0,25.0,3.0,No,Yes,8480.0
Brandi Turner,Swagtron,23.0,29.0,3.0,Yes,Yes,11280.0
Michael Cook,HERO,20.0,34.0,1.0,Yes,No,10750.0
Daniel Greene,Montra,12.0,22.0,3.0,No,No,6770.0
Victoria Fox,HERO,25.0,36.0,3.0,No,Yes,10700.0
Robert Phillips,Geekay,25.0,29.0,2.0,Yes,Yes,
Christopher Lang,Geekay,17.0,37.0,4.0,Yes,No,12070.0
Ricky Brown,Swagtron,27.0,20.0,4.0,No,No,6770.0
Michael Palmer,EMotorad,19.0,34.0,1.0,No,Yes,9740.0
Michelle Woods,Montra,16.0,27.0,3.0,Yes,No,9810.0
Melvin Briggs,EMotorad,26.0,23.0,3.0,No,,7110.0
Gary Huynh,Montra,24.0,26.0,3.0,Yes,Yes,10690.0
Matthew Stanley,HERO,17.0,35.0,3.0,No,Yes,10420.0
Jeffery Green,HERO,28.0,34.0,1.0,No,No,8830.0
Debra Sloan,Montra,16.0,30.0,2.0,Yes,Yes,11160.0
Rebecca Padilla,HERO,21.0,23.0,4.0,Yes,No,9310.0
John Jones,Swagtron,16.0,,2.0,No,Yes,10360.0
Rita Williams,Swagtron,28.0,30.0,3.0,No,Yes,9530.0
Candace Schneider,Geekay,17.0,19.0,2.0,No,Yes,6970.0
Ryan Ryan,,26.0,28.0,2.0,Yes,Yes,10860.0
Jessica Friedman,Geekay,15.0,21.0,4.0,No,Yes,7850.0
Elizabeth Gonzalez,Swagtron,28.0,34.0,2.0,No,,10080.0
Ashley Ramirez,Geekay,12.0,24.0,2.0,No,No,6920.0
Brandon Martinez,Swagtron,29.0,18.0,2.0,Yes,No,7890.0
Paula Brown,Swagtron,21.0,25.0,1.0,Yes,Yes,9960.0
Christopher Fox,EMotorad,13.0,21.0,1.0,,No,6080.0
Mr. Charles Hogan,Swagtron,28.0,38.0,1.0,No,Yes,10630.0
William Watson,,29.0,22.0,2.0,No,Yes,7690.0
Ronald Hall,Geekay,24.0,30.0,1.0,No,Yes,8990.0
Mary Ho,Swagtron,18.0,39.0,2.0,Yes,No,11980.0
Jane Summers,HERO,16.0,35.0,2.0,Yes,Yes,12160.0
Robert Buck,Geekay,15.0,26.0,1.0,,Yes,
Robert Lopez,Montra,18.0,33.0,3.0,No,Yes,10030.0
Rebecca Schmidt,Swagtron,16.0,24.0,2.0,Yes,Yes,9960.0
David Burke,HERO,18.0,28.0,2.0,Yes,No,9780.0
Amanda Huff,Swagtron,24.0,19.0,4.0,Yes,No,8540.0
Zachary Snyder,,15.0,22.0,1.0,No,Yes,7300.0
Katherine Robinson,Swagtron,26.0,22.0,,No,No,7160.0
Mark Craig,EMotorad,29.0,31.0,2.0,Yes,No,10490.0
Christina Simpson,HERO,15.0,31.0,4.0,Yes,No,10850.0
Dennis Mccall,Montra,15.0,27.0,2.0,Yes,No,9550.0
Nathan Wood,Montra,13.0,26.0,4.0,No,Yes,8830.0
Anthony Shields,Geekay,16.0,24.0,2.0,Yes,No,8960.0
Judith Roberts,Montra,19.0,30.0,1.0,Yes,Yes,10940.0
Lori Young,Montra,22.0,20.0,4.0,No,No,6720.0
Beth Shaw,Geekay,22.0,21.0,4.0,Yes,Yes,9920.0
Sarah Smith,Geekay,29.0,26.0,3.0,No,Yes,8740.0
Samuel Hughes,Geekay,,34.0,3.0,No,Yes,10330.0
Jose Blackwell,Geekay,12.0,23.0,1.0,No,Yes,7470.0
Isaac Williams,HERO,16.0,26.0,2.0,Yes,Yes,10360.0
Allison Lewis,HERO,14.0,39.0,3.0,Yes,No,
Jacob Johnson,EMotorad,25.0,23.0,1.0,Yes,No,8600.0
David Charles,HERO,13.0,22.0,1.0,No,No,6280.0
Joshua Caldwell,HERO,14.0,29.0,2.0,Yes,No,9940.0
Tracie Ortiz,HERO,14.0,20.0,2.0,No,Yes,
Sharon Collins,Geekay,24.0,24.0,4.0,Yes,No,9540.0
Kimberly Spears,EMotorad,19.0,24.0,4.0,No,Yes,8490.0
Julia Carpenter,Geekay,25.0,30.0,1.0,Yes,No,10000.0
